Country,Company,Title,Category,Location,Date Posted,Link
"India","Technip Energies","Cybersecurity - Third Party Risk Management Specialist","General","India","2026-03-10","https://hcxg.fa.em2.oraclecloud.com/hcmUI/CandidateExperience/en/sites/CX_1/job/13839"
"India","Technip Energies","Learning Specialist","Human Resources","India","2026-03-10","https://hcxg.fa.em2.oraclecloud.com/hcmUI/CandidateExperience/en/sites/CX_1/job/14681"
"India","Technip Energies","Executive/Sr Executive - MDM Operations","General","India","2026-03-10","https://hcxg.fa.em2.oraclecloud.com/hcmUI/CandidateExperience/en/sites/CX_1/job/14789"
"India","Technip Energies","Deputy Manager - Chart of Accounts","Finance & Accounting","India","2026-03-10","https://hcxg.fa.em2.oraclecloud.com/hcmUI/CandidateExperience/en/sites/CX_1/job/14857"
"USA","Technip Energies","Superintendent – Marine, Buildings, Heavy Haul & Heavy Lift","Management","USA","2026-03-10","https://hcxg.fa.em2.oraclecloud.com/hcmUI/CandidateExperience/en/sites/CX_1/job/14896"
"France","Technip Energies","Site Construction Manager H/F Lyon - 69","Project Management","France","2026-03-09","https://hcxg.fa.em2.oraclecloud.com/hcmUI/CandidateExperience/en/sites/CX_1/job/2283"
"France","Technip Energies","Ingénieur Marchés de Travaux F/H – Vaulx en Velin (69)","General","France","2026-03-09","https://hcxg.fa.em2.oraclecloud.com/hcmUI/CandidateExperience/en/sites/CX_1/job/2887"
"USA","Technip Energies","HSE Manager","HSE","USA","2026-03-09","https://hcxg.fa.em2.oraclecloud.com/hcmUI/CandidateExperience/en/sites/CX_1/job/13245"
"USA","Technip Energies","Front Desk/Facilities Coordinator (CONTRACT)","Management","USA","2026-03-09","https://hcxg.fa.em2.oraclecloud.com/hcmUI/CandidateExperience/en/sites/CX_1/job/14268"
"India","Technip Energies","Sr Engineer/Lead Engineer - Offshore Structures (Civil)","Engineering","India","2026-03-09","https://hcxg.fa.em2.oraclecloud.com/hcmUI/CandidateExperience/en/sites/CX_1/job/14891"
"India","Technip Energies","Sr. Designer / Principal Designer - Civil & Structural","Engineering","India","2026-03-09","https://hcxg.fa.em2.oraclecloud.com/hcmUI/CandidateExperience/en/sites/CX_1/job/14892"
"Malaysia","Technip Energies","Study Manager - Technical Safety","HSE","Malaysia","2026-03-06","https://hcxg.fa.em2.oraclecloud.com/hcmUI/CandidateExperience/en/sites/CX_1/job/13747"
"Colombia","Technip Energies","Ingeniero Eléctrico – Recién Egresado","General","Colombia","2026-03-06","https://hcxg.fa.em2.oraclecloud.com/hcmUI/CandidateExperience/en/sites/CX_1/job/14883"
"Colombia","Technip Energies","Proyectista de Obras Civiles","General","Colombia","2026-03-06","https://hcxg.fa.em2.oraclecloud.com/hcmUI/CandidateExperience/en/sites/CX_1/job/14886"
"Colombia","Technip Energies","Especialista de Obras Civiles","General","Colombia","2026-03-06","https://hcxg.fa.em2.oraclecloud.com/hcmUI/CandidateExperience/en/sites/CX_1/job/14887"
"France","Technip Energies","Internship – Business Analyst F/M","Internship","France","2026-03-06","https://hcxg.fa.em2.oraclecloud.com/hcmUI/CandidateExperience/en/sites/CX_1/job/14885"
"India","Technip Energies","Assistant Manager - FP&A","Finance & Accounting","India","2026-03-05","https://hcxg.fa.em2.oraclecloud.com/hcmUI/CandidateExperience/en/sites/CX_1/job/13890"
"USA","Technip Energies","Process Engineer Lead","Process & Chemical","USA","2026-03-05","https://hcxg.fa.em2.oraclecloud.com/hcmUI/CandidateExperience/en/sites/CX_1/job/14763"
"UK","Technip Energies","Lifting and Rigging Superintendent","Management","UK","2026-03-05","https://hcxg.fa.em2.oraclecloud.com/hcmUI/CandidateExperience/en/sites/CX_1/job/14881"
"UK","Technip Energies","Principal Environmental Engineer - Emissions Trading Scheme focus","Sales & Marketing","UK","2026-03-04","https://hcxg.fa.em2.oraclecloud.com/hcmUI/CandidateExperience/en/sites/CX_1/job/13709"
"UK","Technip Energies","Cost Estimator","Finance & Accounting","UK","2026-03-04","https://hcxg.fa.em2.oraclecloud.com/hcmUI/CandidateExperience/en/sites/CX_1/job/13715"
"India","Technip Energies","Recruitment officer","General","India","2026-03-04","https://hcxg.fa.em2.oraclecloud.com/hcmUI/CandidateExperience/en/sites/CX_1/job/13827"
"Germany","Technip Energies","Senior Process Engineer","Process & Chemical","Germany","2026-03-04","https://hcxg.fa.em2.oraclecloud.com/hcmUI/CandidateExperience/en/sites/CX_1/job/14685"
"Germany","Technip Energies","Electrical Engineer (m/w/d)","Engineering","Germany","2026-03-04","https://hcxg.fa.em2.oraclecloud.com/hcmUI/CandidateExperience/en/sites/CX_1/job/14686"
"India","Technip Energies","Planning Manager - Construction","Project Management","India","2026-03-04","https://hcxg.fa.em2.oraclecloud.com/hcmUI/CandidateExperience/en/sites/CX_1/job/14867"
"France","Technip Energies","Apprenticeship - Incident management and activity continuity coordinator F/M","Internship","France","2026-03-04","https://hcxg.fa.em2.oraclecloud.com/hcmUI/CandidateExperience/en/sites/CX_1/job/14868"
"UK","Technip Energies","Project Engineer - Contract (Outside IR35)","Project Management","UK","2026-03-04","https://hcxg.fa.em2.oraclecloud.com/hcmUI/CandidateExperience/en/sites/CX_1/job/14869"
"UK","Technip Energies","Consultant Structural Engineer - Contract (outside IR35)","Engineering","UK","2026-03-04","https://hcxg.fa.em2.oraclecloud.com/hcmUI/CandidateExperience/en/sites/CX_1/job/14870"
"UK","Technip Energies","HR Advisor","Human Resources","UK","2026-03-04","https://hcxg.fa.em2.oraclecloud.com/hcmUI/CandidateExperience/en/sites/CX_1/job/14871"
"France","Technip Energies","Site Quality Manager","General","France","2026-03-03","https://hcxg.fa.em2.oraclecloud.com/hcmUI/CandidateExperience/en/sites/CX_1/job/8903"
"France","Technip Energies","Ingénieur Logiciel (H/F)","IT & Digital","France","2026-03-03","https://hcxg.fa.em2.oraclecloud.com/hcmUI/CandidateExperience/en/sites/CX_1/job/13098"
"India","Technip Energies","GPO - F&A","General","India","2026-03-03","https://hcxg.fa.em2.oraclecloud.com/hcmUI/CandidateExperience/en/sites/CX_1/job/13687"
"Colombia","Technip Energies","Especialista de Obras Civiles II","General","Colombia","2026-03-03","https://hcxg.fa.em2.oraclecloud.com/hcmUI/CandidateExperience/en/sites/CX_1/job/14483"
"Colombia","Technip Energies","Coordinador de Obras Civiles I","General","Colombia","2026-03-03","https://hcxg.fa.em2.oraclecloud.com/hcmUI/CandidateExperience/en/sites/CX_1/job/14487"
"Colombia","Technip Energies","Especialista de Contabilidad II","General","Colombia","2026-03-03","https://hcxg.fa.em2.oraclecloud.com/hcmUI/CandidateExperience/en/sites/CX_1/job/14503"
"Colombia","Technip Energies","Dibujante de Tubería","General","Colombia","2026-03-03","https://hcxg.fa.em2.oraclecloud.com/hcmUI/CandidateExperience/en/sites/CX_1/job/14525"
"Colombia","Technip Energies","Especialista Eléctrico III","General","Colombia","2026-03-03","https://hcxg.fa.em2.oraclecloud.com/hcmUI/CandidateExperience/en/sites/CX_1/job/14510"
"France","Technip Energies","Apprenticeship - Learning & Development Business Partner - F/M","Internship","France","2026-03-03","https://hcxg.fa.em2.oraclecloud.com/hcmUI/CandidateExperience/en/sites/CX_1/job/14863"
"Italy","Technip Energies","Construction Systems Engineer - Internship","Internship","Italy","2026-03-03","https://hcxg.fa.em2.oraclecloud.com/hcmUI/CandidateExperience/en/sites/CX_1/job/14862"
"France","Technip Energies","Apprenticeship - Security Officer f/M","Internship","France","2026-03-03","https://hcxg.fa.em2.oraclecloud.com/hcmUI/CandidateExperience/en/sites/CX_1/job/14856"
"France","Technip Energies","Chef de groupe Installation Électricité H/F","Project Management","France","2026-03-03","https://hcxg.fa.em2.oraclecloud.com/hcmUI/CandidateExperience/en/sites/CX_1/job/14865"
"Colombia","Technip Energies","Técnico o Tecnólogo en Aduanas - Aprendiz Sena","Internship","Colombia","2026-03-03","https://hcxg.fa.em2.oraclecloud.com/hcmUI/CandidateExperience/en/sites/CX_1/job/14866"
"France","Technip Energies","Piping Superintendent H/F","Engineering","France","2026-03-02","https://hcxg.fa.em2.oraclecloud.com/hcmUI/CandidateExperience/en/sites/CX_1/job/630"
"France","Technip Energies","Instrumentation Superintendent","Management","France","2026-03-02","https://hcxg.fa.em2.oraclecloud.com/hcmUI/CandidateExperience/en/sites/CX_1/job/644"
"France","Technip Energies","Lead Risk Quantification Engineer (HSED) F/M","Management","France","2026-03-02","https://hcxg.fa.em2.oraclecloud.com/hcmUI/CandidateExperience/en/sites/CX_1/job/2796"
"France","Technip Energies","Operations & Maintenance Engineering Lead (H/F)","Maintenance & Reliability","France","2026-03-02","https://hcxg.fa.em2.oraclecloud.com/hcmUI/CandidateExperience/en/sites/CX_1/job/7810"
"France","Technip Energies","Operations & Maintenance Manager (H/F)","Maintenance & Reliability","France","2026-03-02","https://hcxg.fa.em2.oraclecloud.com/hcmUI/CandidateExperience/en/sites/CX_1/job/12240"
"Malaysia","Technip Energies","Senior Flow Assurance Engineer","Process & Chemical","Malaysia","2026-03-02","https://hcxg.fa.em2.oraclecloud.com/hcmUI/CandidateExperience/en/sites/CX_1/job/13021"
"UK","Technip Energies","Principal Subsea Production Systems Engineer","Engineering","UK","2026-03-02","https://hcxg.fa.em2.oraclecloud.com/hcmUI/CandidateExperience/en/sites/CX_1/job/13304"
"France","Technip Energies","Cyber Security Platform Engineer","IT & Digital","France","2026-03-02","https://hcxg.fa.em2.oraclecloud.com/hcmUI/CandidateExperience/en/sites/CX_1/job/13515"
"Malaysia","Technip Energies","TS - Senior Structural Engineer - Offshore","Engineering","Malaysia","2026-03-02","https://hcxg.fa.em2.oraclecloud.com/hcmUI/CandidateExperience/en/sites/CX_1/job/13529"
"UK","Technip Energies","Senior Process Engineer","Process & Chemical","UK","2026-03-02","https://hcxg.fa.em2.oraclecloud.com/hcmUI/CandidateExperience/en/sites/CX_1/job/13707"
"UK","Technip Energies","EOI - Environmental Engineers & Specialists - ETS/EIA/Energy efficiency","General","UK","2026-03-02","https://hcxg.fa.em2.oraclecloud.com/hcmUI/CandidateExperience/en/sites/CX_1/job/13717"
"UK","Technip Energies","Senior Structural Engineer","Engineering","UK","2026-03-02","https://hcxg.fa.em2.oraclecloud.com/hcmUI/CandidateExperience/en/sites/CX_1/job/13714"
"India","Technip Energies","Oracle Fusion Technical Developer","IT & Digital","India","2026-03-02","https://hcxg.fa.em2.oraclecloud.com/hcmUI/CandidateExperience/en/sites/CX_1/job/13817"
"India","Technip Energies","Functional Consultant - Oracle Fusion OTL","IT & Digital","India","2026-03-02","https://hcxg.fa.em2.oraclecloud.com/hcmUI/CandidateExperience/en/sites/CX_1/job/13820"
"France","Technip Energies","Senior Data Scientist - F/M","IT & Digital","France","2026-03-02","https://hcxg.fa.em2.oraclecloud.com/hcmUI/CandidateExperience/en/sites/CX_1/job/13818"
"India","Technip Energies","Functional Consultant - Oracle Fusion Finance","IT & Digital","India","2026-03-02","https://hcxg.fa.em2.oraclecloud.com/hcmUI/CandidateExperience/en/sites/CX_1/job/14585"
"USA","Technip Energies","Construction Manager II","Project Management","USA","2026-03-02","https://hcxg.fa.em2.oraclecloud.com/hcmUI/CandidateExperience/en/sites/CX_1/job/14860"
"Spain","Technip Energies","Accounting Analyst","IT & Digital","Spain","2026-03-01","https://hcxg.fa.em2.oraclecloud.com/hcmUI/CandidateExperience/en/sites/CX_1/job/13424"
"India","Technip Energies","Deputy Manager - Chart of Accounts","Finance & Accounting","India","2026-03-01","https://hcxg.fa.em2.oraclecloud.com/hcmUI/CandidateExperience/en/sites/CX_1/job/14359"
"France","Technip Energies","Ingénieur Automaticien sénior (H/F)","General","France","2026-02-27","https://hcxg.fa.em2.oraclecloud.com/hcmUI/CandidateExperience/en/sites/CX_1/job/12669"
"Malaysia","Technip Energies","Intern, Electrical","Internship","Malaysia","2026-02-27","https://hcxg.fa.em2.oraclecloud.com/hcmUI/CandidateExperience/en/sites/CX_1/job/14322"
"UK","Technip Energies","Building Engineer","Engineering","UK","2026-02-27","https://hcxg.fa.em2.oraclecloud.com/hcmUI/CandidateExperience/en/sites/CX_1/job/14850"
"UK","Technip Energies","Electrical Engineer","Engineering","UK","2026-02-27","https://hcxg.fa.em2.oraclecloud.com/hcmUI/CandidateExperience/en/sites/CX_1/job/14851"
"UK","Technip Energies","HV Electrical Engineer","Engineering","UK","2026-02-27","https://hcxg.fa.em2.oraclecloud.com/hcmUI/CandidateExperience/en/sites/CX_1/job/14853"
"UK","Technip Energies","Study Manager - Digital & AI Advisory","IT & Digital","UK","2026-02-26","https://hcxg.fa.em2.oraclecloud.com/hcmUI/CandidateExperience/en/sites/CX_1/job/13516"
"UK","Technip Energies","Senior Consultant - Advisory","General","UK","2026-02-26","https://hcxg.fa.em2.oraclecloud.com/hcmUI/CandidateExperience/en/sites/CX_1/job/13518"
"UK","Technip Energies","Study Manager - Sustainability","General","UK","2026-02-26","https://hcxg.fa.em2.oraclecloud.com/hcmUI/CandidateExperience/en/sites/CX_1/job/13611"
"Malaysia","Technip Energies","Intern, Procurement","Internship","Malaysia","2026-02-26","https://hcxg.fa.em2.oraclecloud.com/hcmUI/CandidateExperience/en/sites/CX_1/job/13627"
"UK","Technip Energies","Principal RAM (Reliability, Availability & Maintainability) Engineer","Maintenance & Reliability","UK","2026-02-26","https://hcxg.fa.em2.oraclecloud.com/hcmUI/CandidateExperience/en/sites/CX_1/job/13701"
"UK","Technip Energies","Consultant Subsea Pipeline Engineer","Engineering","UK","2026-02-26","https://hcxg.fa.em2.oraclecloud.com/hcmUI/CandidateExperience/en/sites/CX_1/job/13722"
"UAE","Technip Energies","Security Supervisor - UAE National","General","UAE","2026-02-26","https://hcxg.fa.em2.oraclecloud.com/hcmUI/CandidateExperience/en/sites/CX_1/job/14407"
"UAE","Technip Energies","Project Engineer (Entry Level) – UAE Nationals Only","Project Management","UAE","2026-02-26","https://hcxg.fa.em2.oraclecloud.com/hcmUI/CandidateExperience/en/sites/CX_1/job/14405"
"UAE","Technip Energies","Technical Assistant (QC Documentation) – UAE Nationals Only","General","UAE","2026-02-26","https://hcxg.fa.em2.oraclecloud.com/hcmUI/CandidateExperience/en/sites/CX_1/job/14408"
"UAE","Technip Energies","IT Technician – UAE Nationals Only","IT & Digital","UAE","2026-02-26","https://hcxg.fa.em2.oraclecloud.com/hcmUI/CandidateExperience/en/sites/CX_1/job/14411"
"UAE","Technip Energies","Local Procurement Buyer – UAE Nationals Only","Supply Chain & Logistics","UAE","2026-02-26","https://hcxg.fa.em2.oraclecloud.com/hcmUI/CandidateExperience/en/sites/CX_1/job/14409"
"UAE","Technip Energies","Electrical QC Inspector – UAE Nationals Only","Engineering","UAE","2026-02-26","https://hcxg.fa.em2.oraclecloud.com/hcmUI/CandidateExperience/en/sites/CX_1/job/14403"
"UK","Technip Energies","Graduate Decommissioning Engineer","Internship","UK","2026-02-26","https://hcxg.fa.em2.oraclecloud.com/hcmUI/CandidateExperience/en/sites/CX_1/job/14840"
"Malaysia","Technip Energies","Senior Subsea Structural Engineer","Engineering","Malaysia","2026-02-25","https://hcxg.fa.em2.oraclecloud.com/hcmUI/CandidateExperience/en/sites/CX_1/job/13755"
"UAE","Technip Energies","Steel Structure QC Inspector (UAE National)","General","UAE","2026-02-25","https://hcxg.fa.em2.oraclecloud.com/hcmUI/CandidateExperience/en/sites/CX_1/job/14414"
"India","Technip Energies","Information Security Compliance Specialist","Legal & Compliance","India","2026-02-24","https://hcxg.fa.em2.oraclecloud.com/hcmUI/CandidateExperience/en/sites/CX_1/job/13220"
"USA","Technip Energies","Subcontracts Administrator","General","USA","2026-02-24","https://hcxg.fa.em2.oraclecloud.com/hcmUI/CandidateExperience/en/sites/CX_1/job/14213"
"UAE","Technip Energies","Civil Supervisor (UAE National)","Engineering","UAE","2026-02-24","https://hcxg.fa.em2.oraclecloud.com/hcmUI/CandidateExperience/en/sites/CX_1/job/14399"
"UAE","Technip Energies","Piping Engineer (UAE National)","Engineering","UAE","2026-02-24","https://hcxg.fa.em2.oraclecloud.com/hcmUI/CandidateExperience/en/sites/CX_1/job/14397"
"UAE","Technip Energies","Civil Engineer (UAE National)","Engineering","UAE","2026-02-24","https://hcxg.fa.em2.oraclecloud.com/hcmUI/CandidateExperience/en/sites/CX_1/job/14404"
"France","Technip Energies","Internship - Business Intelligence & Data Visualization – Cost Control & Risk Management Department F/M","Internship","France","2026-02-24","https://hcxg.fa.em2.oraclecloud.com/hcmUI/CandidateExperience/en/sites/CX_1/job/14823"
"France","Technip Energies","Acoustic and Vibration Engineer F/M","Engineering","France","2026-02-23","https://hcxg.fa.em2.oraclecloud.com/hcmUI/CandidateExperience/en/sites/CX_1/job/5933"
"France","Technip Energies","Experienced Environmental Engineer F/M","Engineering","France","2026-02-23","https://hcxg.fa.em2.oraclecloud.com/hcmUI/CandidateExperience/en/sites/CX_1/job/7212"
"Malaysia","Technip Energies","TS - Senior Technical Safety Engineer","HSE","Malaysia","2026-02-23","https://hcxg.fa.em2.oraclecloud.com/hcmUI/CandidateExperience/en/sites/CX_1/job/8768"
"Malaysia","Technip Energies","Structural Designer - E3D","Engineering","Malaysia","2026-02-23","https://hcxg.fa.em2.oraclecloud.com/hcmUI/CandidateExperience/en/sites/CX_1/job/14257"
"UAE","Technip Energies","Civil Supervisor (UAE National)","Engineering","UAE","2026-02-23","https://hcxg.fa.em2.oraclecloud.com/hcmUI/CandidateExperience/en/sites/CX_1/job/14398"
"Germany","Technip Energies","V.I.E Operations and Management Control Coordinator – F/M","Internship","Germany","2026-02-23","https://hcxg.fa.em2.oraclecloud.com/hcmUI/CandidateExperience/en/sites/CX_1/job/14774"
"France","Technip Energies","Internship – Sales Development Representative and Market Intelligence – F/M","Internship","France","2026-02-23","https://hcxg.fa.em2.oraclecloud.com/hcmUI/CandidateExperience/en/sites/CX_1/job/14790"
"Netherlands","Technip Energies","Chemical Process Modelling Engineer Intern","Internship","Netherlands","2026-02-23","https://hcxg.fa.em2.oraclecloud.com/hcmUI/CandidateExperience/en/sites/CX_1/job/14794"
"Spain","Technip Energies","Electrical Specialist Engineer Junior","Engineering","Spain","2026-02-23","https://hcxg.fa.em2.oraclecloud.com/hcmUI/CandidateExperience/en/sites/CX_1/job/14791"
"Netherlands","Technip Energies","Facilitair Beheerder","General","Netherlands","2026-02-23","https://hcxg.fa.em2.oraclecloud.com/hcmUI/CandidateExperience/en/sites/CX_1/job/14795"
"USA","Technip Energies","Lead Stress Engineer","Engineering","USA","2026-02-19","https://hcxg.fa.em2.oraclecloud.com/hcmUI/CandidateExperience/en/sites/CX_1/job/14765"
"India","Technip Energies","Senior Principal Engineer- Instrumentation","Engineering","India","2026-02-19","https://hcxg.fa.em2.oraclecloud.com/hcmUI/CandidateExperience/en/sites/CX_1/job/14766"
"USA","Technip Energies","Construction Superintendent","Project Management","USA","2026-02-19","https://hcxg.fa.em2.oraclecloud.com/hcmUI/CandidateExperience/en/sites/CX_1/job/14781"
"France","Technip Energies","Internship - Rotating Machinery - F/M","Internship","France","2026-02-18","https://hcxg.fa.em2.oraclecloud.com/hcmUI/CandidateExperience/en/sites/CX_1/job/14756"
"South Korea","Technip Energies","V.I.E Mechanical Inspector - F/M","Internship","South Korea","2026-02-17","https://hcxg.fa.em2.oraclecloud.com/hcmUI/CandidateExperience/en/sites/CX_1/job/14751"
"UK","Technip Energies","Senior Planning Engineer - Outside IR35","Engineering","UK","2026-02-17","https://hcxg.fa.em2.oraclecloud.com/hcmUI/CandidateExperience/en/sites/CX_1/job/14754"
"UK","Technip Energies","Delivery Manager - Advisory Solutions","General","UK","2026-02-17","https://hcxg.fa.em2.oraclecloud.com/hcmUI/CandidateExperience/en/sites/CX_1/job/14755"
"UK","Technip Energies","Environmental Market & Innovation Lead","Sales & Marketing","UK","2026-02-16","https://hcxg.fa.em2.oraclecloud.com/hcmUI/CandidateExperience/en/sites/CX_1/job/13405"
"France","Technip Energies","Head of Cyber Security Program Governance -F/M","IT & Digital","France","2026-02-16","https://hcxg.fa.em2.oraclecloud.com/hcmUI/CandidateExperience/en/sites/CX_1/job/13587"
"USA","Technip Energies","Piping Manager","Engineering","USA","2026-02-16","https://hcxg.fa.em2.oraclecloud.com/hcmUI/CandidateExperience/en/sites/CX_1/job/13735"
"India","Technip Energies","Principal Piping Stress Engineer","Engineering","India","2026-02-16","https://hcxg.fa.em2.oraclecloud.com/hcmUI/CandidateExperience/en/sites/CX_1/job/14667"
"Thailand","Technip Energies","TS - Senior CAD Operator, Civil and Offshore Structural","Engineering","Thailand","2026-02-16","https://hcxg.fa.em2.oraclecloud.com/hcmUI/CandidateExperience/en/sites/CX_1/job/14611"
"South Korea","Technip Energies","V.I.E Main Automation Vendor Package Engineer - F/M","Internship","South Korea","2026-02-16","https://hcxg.fa.em2.oraclecloud.com/hcmUI/CandidateExperience/en/sites/CX_1/job/14682"
"UK","Technip Energies","Consultant Structural Engineer - Contract (outside IR35)","Engineering","UK","2026-02-13","https://hcxg.fa.em2.oraclecloud.com/hcmUI/CandidateExperience/en/sites/CX_1/job/12564"
"France","Technip Energies","Installation Specialist (M/F)","Project Management","France","2026-02-13","https://hcxg.fa.em2.oraclecloud.com/hcmUI/CandidateExperience/en/sites/CX_1/job/14583"
"France","Technip Energies","Apprenticeship - IT Internal Controller - F/M","Internship","France","2026-02-13","https://hcxg.fa.em2.oraclecloud.com/hcmUI/CandidateExperience/en/sites/CX_1/job/14586"
"Malaysia","Technip Energies","Intern, Accounting (Accounts Payable)","Internship","Malaysia","2026-02-12","https://hcxg.fa.em2.oraclecloud.com/hcmUI/CandidateExperience/en/sites/CX_1/job/13825"
"France","Technip Energies","Senior Commissioning & Start Up Manager","Project Management","France","2026-02-12","https://hcxg.fa.em2.oraclecloud.com/hcmUI/CandidateExperience/en/sites/CX_1/job/14100"
"Malaysia","Technip Energies","TS - Flow Assurance Engineer","Process & Chemical","Malaysia","2026-02-12","https://hcxg.fa.em2.oraclecloud.com/hcmUI/CandidateExperience/en/sites/CX_1/job/14579"
"France","Technip Energies","Lead Specialist Application Support of Smart Materials","Management","France","2026-02-11","https://hcxg.fa.em2.oraclecloud.com/hcmUI/CandidateExperience/en/sites/CX_1/job/13809"
"France","Technip Energies","Experienced Instrumentation Engineer within Packages (M/F)","Engineering","France","2026-02-11","https://hcxg.fa.em2.oraclecloud.com/hcmUI/CandidateExperience/en/sites/CX_1/job/14578"
"France","Technip Energies","Ingénieur spécialiste en électricité Haute Tension H/F","General","France","2026-02-10","https://hcxg.fa.em2.oraclecloud.com/hcmUI/CandidateExperience/en/sites/CX_1/job/14343"
"France","Technip Energies","Expert Préventive Maintenance Inspection H/F","Maintenance & Reliability","France","2026-02-10","https://hcxg.fa.em2.oraclecloud.com/hcmUI/CandidateExperience/en/sites/CX_1/job/14338"
"France","Technip Energies","Chef de projet électricité confirmé - Lead F/H","Management","France","2026-02-10","https://hcxg.fa.em2.oraclecloud.com/hcmUI/CandidateExperience/en/sites/CX_1/job/14344"
"USA","Technip Energies","Future Opportunity - Process Engineer (Summer 2026 New Grad)","Process & Chemical","USA","2026-02-09","https://hcxg.fa.em2.oraclecloud.com/hcmUI/CandidateExperience/en/sites/CX_1/job/13031"
"France","Technip Energies","Electrical Lead Discipline Engineer F/M","Engineering","France","2026-02-09","https://hcxg.fa.em2.oraclecloud.com/hcmUI/CandidateExperience/en/sites/CX_1/job/14242"
"France","Technip Energies","Senior Electrical Material Engineer F/M","Engineering","France","2026-02-09","https://hcxg.fa.em2.oraclecloud.com/hcmUI/CandidateExperience/en/sites/CX_1/job/14317"
"France","Technip Energies","Apprenticeship – Mechanical Equipment Engineer – IFP School -F/M","Internship","France","2026-02-06","https://hcxg.fa.em2.oraclecloud.com/hcmUI/CandidateExperience/en/sites/CX_1/job/13901"
"UK","Technip Energies","Consultant Integrity Engineer - Outside IR35","Maintenance & Reliability","UK","2026-02-06","https://hcxg.fa.em2.oraclecloud.com/hcmUI/CandidateExperience/en/sites/CX_1/job/14049"
"France","Technip Energies","Apprenticeship – Control Systems Engineer – IFP School - F/M","Internship","France","2026-02-06","https://hcxg.fa.em2.oraclecloud.com/hcmUI/CandidateExperience/en/sites/CX_1/job/13947"
"Malaysia","Technip Energies","Head of Security APAC","Management","Malaysia","2026-02-05","https://hcxg.fa.em2.oraclecloud.com/hcmUI/CandidateExperience/en/sites/CX_1/job/13132"
"Malaysia","Technip Energies","Intern, Accounting (Accounts Receivable)","Internship","Malaysia","2026-02-05","https://hcxg.fa.em2.oraclecloud.com/hcmUI/CandidateExperience/en/sites/CX_1/job/13787"
"France","Technip Energies","Senior Business Consultant (M/F)","General","France","2026-02-05","https://hcxg.fa.em2.oraclecloud.com/hcmUI/CandidateExperience/en/sites/CX_1/job/13870"
"France","Technip Energies","Apprenticeship - General Installation & Piping Design Engineer - F/M - IFP School","Internship","France","2026-02-05","https://hcxg.fa.em2.oraclecloud.com/hcmUI/CandidateExperience/en/sites/CX_1/job/13891"
"France","Technip Energies","Information Security Project Manager M/F","Project Management","France","2026-02-05","https://hcxg.fa.em2.oraclecloud.com/hcmUI/CandidateExperience/en/sites/CX_1/job/13876"
"France","Technip Energies","Technical Safety and Environment Engineer Internship (M/F)","Internship","France","2026-02-05","https://hcxg.fa.em2.oraclecloud.com/hcmUI/CandidateExperience/en/sites/CX_1/job/13875"
"France","Technip Energies","Apprenticeship - Business Analyst Engineer - IFP School - ENM - F/M","Internship","France","2026-02-05","https://hcxg.fa.em2.oraclecloud.com/hcmUI/CandidateExperience/en/sites/CX_1/job/13886"
"India","Technip Energies","Lead Analyst - GL","IT & Digital","India","2026-02-04","https://hcxg.fa.em2.oraclecloud.com/hcmUI/CandidateExperience/en/sites/CX_1/job/13830"
"India","Technip Energies","Process Lead - GL/BA","Process & Chemical","India","2026-02-04","https://hcxg.fa.em2.oraclecloud.com/hcmUI/CandidateExperience/en/sites/CX_1/job/13829"
"Germany","Technip Energies","Technology Development Manager (m/w/d)","General","Germany","2026-02-04","https://hcxg.fa.em2.oraclecloud.com/hcmUI/CandidateExperience/en/sites/CX_1/job/14683"
"UK","Technip Energies","V.I.E Easy Plant Operator (F/M)","Internship","UK","2026-02-03","https://hcxg.fa.em2.oraclecloud.com/hcmUI/CandidateExperience/en/sites/CX_1/job/13273"
"India","Technip Energies","Study Manager - Genesis","General","India","2026-02-03","https://hcxg.fa.em2.oraclecloud.com/hcmUI/CandidateExperience/en/sites/CX_1/job/13869"
"USA","Technip Energies","Tax Manager","Finance & Accounting","USA","2026-02-02","https://hcxg.fa.em2.oraclecloud.com/hcmUI/CandidateExperience/en/sites/CX_1/job/13464"
"France","Technip Energies","Internship - Improving selection tools for construction companies - F/M","Internship","France","2026-02-02","https://hcxg.fa.em2.oraclecloud.com/hcmUI/CandidateExperience/en/sites/CX_1/job/13861"
"France","Technip Energies","Internship – Digital Communications F/M","Internship","France","2026-01-30","https://hcxg.fa.em2.oraclecloud.com/hcmUI/CandidateExperience/en/sites/CX_1/job/13606"
"France","Technip Energies","Cybersecurity Architect - F/M","General","France","2026-01-30","https://hcxg.fa.em2.oraclecloud.com/hcmUI/CandidateExperience/en/sites/CX_1/job/13752"
"Mexico","Technip Energies","Electrical PCC Lead","Engineering","Mexico","2026-01-30","https://hcxg.fa.em2.oraclecloud.com/hcmUI/CandidateExperience/en/sites/CX_1/job/13851"
"Mexico","Technip Energies","Mechanical PCC Lead","Engineering","Mexico","2026-01-30","https://hcxg.fa.em2.oraclecloud.com/hcmUI/CandidateExperience/en/sites/CX_1/job/13852"
"France","Technip Energies","Internship - Data Governance - F/M","Internship","France","2026-01-28","https://hcxg.fa.em2.oraclecloud.com/hcmUI/CandidateExperience/en/sites/CX_1/job/13826"
"France","Technip Energies","Assistant(e) administratif(ve)","General","France","2026-01-27","https://hcxg.fa.em2.oraclecloud.com/hcmUI/CandidateExperience/en/sites/CX_1/job/13767"
"Mexico","Technip Energies","Rotating Equipment Supervisor","Engineering","Mexico","2026-01-26","https://hcxg.fa.em2.oraclecloud.com/hcmUI/CandidateExperience/en/sites/CX_1/job/13814"
"France","Technip Energies","Corporate Cash Treasurer","Finance & Accounting","France","2026-01-26","https://hcxg.fa.em2.oraclecloud.com/hcmUI/CandidateExperience/en/sites/CX_1/job/13812"
"Spain","Technip Energies","Ingeniero (a) de Proyectos/ Algeciras","General","Spain","2026-01-23","https://hcxg.fa.em2.oraclecloud.com/hcmUI/CandidateExperience/en/sites/CX_1/job/13808"
"Malaysia","Technip Energies","Environmental & Sustainability Engineer","Engineering","Malaysia","2026-01-23","https://hcxg.fa.em2.oraclecloud.com/hcmUI/CandidateExperience/en/sites/CX_1/job/13804"
"France","Technip Energies","Internship - AI for Engineering & Document Processing F/M","Internship","France","2026-01-23","https://hcxg.fa.em2.oraclecloud.com/hcmUI/CandidateExperience/en/sites/CX_1/job/13806"
"France","Technip Energies","Internship - Business Analyst – F/M – Tenders and Estimates Department","Internship","France","2026-01-22","https://hcxg.fa.em2.oraclecloud.com/hcmUI/CandidateExperience/en/sites/CX_1/job/13801"
"Spain","Technip Energies","Ingeniero (a) de Proyectos","General","Spain","2026-01-21","https://hcxg.fa.em2.oraclecloud.com/hcmUI/CandidateExperience/en/sites/CX_1/job/13791"
"France","Technip Energies","Internship - AI & Automatic Plan Generation – Technical and Economic Optimization F/M","Internship","France","2026-01-21","https://hcxg.fa.em2.oraclecloud.com/hcmUI/CandidateExperience/en/sites/CX_1/job/13784"
"France","Technip Energies","Internship - AI for Engineering – AI analysis of technical data & prediction F/M","Internship","France","2026-01-21","https://hcxg.fa.em2.oraclecloud.com/hcmUI/CandidateExperience/en/sites/CX_1/job/13785"
"France","Technip Energies","Internship – Corporate Internal Control M/F","Internship","France","2026-01-21","https://hcxg.fa.em2.oraclecloud.com/hcmUI/CandidateExperience/en/sites/CX_1/job/13788"
"Spain","Technip Energies","Ingeniero (a) Eléctrico (a)","General","Spain","2026-01-20","https://hcxg.fa.em2.oraclecloud.com/hcmUI/CandidateExperience/en/sites/CX_1/job/13771"
"France","Technip Energies","Internship - Producing the Product Architecture Reference Document for TEN Material Management Tool - F/M","Internship","France","2026-01-20","https://hcxg.fa.em2.oraclecloud.com/hcmUI/CandidateExperience/en/sites/CX_1/job/13768"
"UK","Technip Energies","Senior Principal EHV Electrical Engineer","Engineering","UK","2026-01-20","https://hcxg.fa.em2.oraclecloud.com/hcmUI/CandidateExperience/en/sites/CX_1/job/13769"
"Malaysia","Technip Energies","TS - S3d Senior Structural Designer","Engineering","Malaysia","2026-01-12","https://hcxg.fa.em2.oraclecloud.com/hcmUI/CandidateExperience/en/sites/CX_1/job/13705"
"Spain","Technip Energies","Document Controller","General","Spain","2026-01-09","https://hcxg.fa.em2.oraclecloud.com/hcmUI/CandidateExperience/en/sites/CX_1/job/13693"
"Qatar","Technip Energies","V.I.E Remote Site Camp Operational Coordinator","Internship","Qatar","2026-01-05","https://hcxg.fa.em2.oraclecloud.com/hcmUI/CandidateExperience/en/sites/CX_1/job/13649"
"France","Technip Energies","HR Service Delivery Project Manager (M/F)","Project Management","France","2025-12-17","https://hcxg.fa.em2.oraclecloud.com/hcmUI/CandidateExperience/en/sites/CX_1/job/13588"
"India","Technip Energies","Thermal Design Lead","General","India","2025-12-16","https://hcxg.fa.em2.oraclecloud.com/hcmUI/CandidateExperience/en/sites/CX_1/job/13557"
"France","Technip Energies","Ingénieur Peinture / Calorifuge (H/F)","General","France","2025-12-02","https://hcxg.fa.em2.oraclecloud.com/hcmUI/CandidateExperience/en/sites/CX_1/job/12780"
"France","Technip Energies","Regulatory Compliance Manager F/M","Legal & Compliance","France","2025-12-01","https://hcxg.fa.em2.oraclecloud.com/hcmUI/CandidateExperience/en/sites/CX_1/job/13456"
"Spain","Technip Energies","Ingeniero(a) Obra Civil","Engineering","Spain","2025-11-21","https://hcxg.fa.em2.oraclecloud.com/hcmUI/CandidateExperience/en/sites/CX_1/job/13417"
"France","Technip Energies","O&M Maintenance Engineer","Maintenance & Reliability","France","2025-11-18","https://hcxg.fa.em2.oraclecloud.com/hcmUI/CandidateExperience/en/sites/CX_1/job/13394"
"France","Technip Energies","Internship - Improvement of the master planning tool F/M","Internship","France","2025-11-14","https://hcxg.fa.em2.oraclecloud.com/hcmUI/CandidateExperience/en/sites/CX_1/job/13377"
"Spain","Technip Energies","Precommissioning Manager","General","Spain","2025-11-13","https://hcxg.fa.em2.oraclecloud.com/hcmUI/CandidateExperience/en/sites/CX_1/job/13368"
